frame_id,channel,phy_x,phy_y,,,,,0,-1,0
2752,front,-288.175171,158.662079,,,1,,2752,-1,0
2753,front,-274.981201,157.742523,,,1,,2753,-1,0
2754,front,-286.118256,170.662659,,,1,,2754,-1,0
2755,front,-288.707642,177.308075,,,1,,2755,-1,0
2756,front,-291.493561,184.259003,,,1,,2756,-1,0
2757,front,-284.498016,183.457657,,,1,,2757,-1,0
2758,front,-287.34671,190.638535,,,1,,2758,-1,-1
2759,front,-280.423645,189.766602,,,2,,2759,-2,1
2761,front,-276.476898,196.253601,,,1,,2761,-1,0
2762,front,-272.650543,202.938599,,,1,,2762,-1,0
2763,front,-275.697235,210.931625,,,1,,2763,-1,0
2764,front,-268.938141,209.843353,,,1,,2764,-1,0
2765,front,-272.055573,218.154617,,,1,,2765,-1,0
2766,front,-275.419739,226.933014,,,1,,2766,-1,0
2767,front,-268.525024,225.648987,,,1,,2767,-1,0
2768,front,-271.971985,234.80928,,,1,,2768,-1,0
2769,front,-271.971985,234.80928,,,1,,2769,-1,0
2770,front,-275.699646,244.523636,,,1,,2770,-1,0
2771,front,-279.736023,254.850052,,,1,,2771,-1,0
2772,front,-272.460785,253.19693,,,1,,2772,-1,0
2773,front,-265.402557,251.602921,,,1,,2773,-1,0
2774,front,-276.609955,264.037079,,,1,,2774,-1,0
2775,front,-269.333893,262.285492,,,1,,2775,-1,0
2776,front,-273.60321,273.689819,,,1,,2776,-1,0
2777,front,-266.315796,271.834961,,,1,,2777,-1,0
2778,front,-266.315796,271.834961,,,1,,2778,-1,0
2779,front,-259.242279,270.046753,,,1,,2779,-1,0
2780,front,-259.242279,270.046753,,,1,,2780,-1,0
2781,front,-263.4039,281.897034,,,1,,2781,-1,0
2782,front,-267.939423,294.608551,,,1,,2782,-1,0
2783,front,-265.279816,306.001282,,,1,,2783,-1,0
2784,front,-265.279816,306.001282,,,1,,2784,-1,0
2785,front,-265.279816,306.001282,,,1,,2785,-1,0
2786,front,-270.407135,320.537323,,,1,,2786,-1,0
2787,front,-270.407135,320.537323,,,1,,2787,-1,0
2788,front,-262.734772,318.11615,,,1,,2788,-1,0
2789,front,-255.287918,315.785187,,,1,,2789,-1,0
2790,front,-260.304535,331.042053,,,1,,2790,-1,0
2791,front,-260.304535,331.042053,,,1,,2791,-1,0
2792,front,-280.360046,368.799774,,,,,2792,-1,0
2793,front,-263.73468,362.652588,,,,,2793,-1,0
2794,front,-255.794724,359.756409,,,,,2794,-1,0
2795,front,-248.085739,356.971008,,,,,2795,-1,0
2796,front,-248.085739,356.971008,,,,,2796,-1,0
2797,front,-253.720947,375.806305,,,,,2797,-1,0
2798,front,-259.98233,396.485962,,,,,2798,-1,0
2799,front,-251.773254,393.197876,,,,,2799,-1,0
2800,front,-251.773254,393.197876,,,,,2800,-1,0
2801,front,-243.802246,390.038574,,,,,2801,-1,0
2802,front,-236.055786,387.001068,,,,,2802,-1,0
2803,front,-256.855957,436.609192,,,,,2803,-1,0
2804,front,-273.979034,468.305237,,,,,2804,-1,-1
2805,front,-264.624695,463.896729,,,,,2805,-2,1
2807,front,-255.55809,459.672699,,,,,2807,-1,0
2808,front,-238.221634,451.739899,,,,,2808,-1,0
2809,front,-245.404678,480.827026,,,,,2809,-1,0
2810,front,-236.613449,476.640869,,,,,2810,-1,0
2811,front,-236.613449,476.640869,,,,,2811,-1,0
2812,front,-228.070251,472.627045,,,,,2812,-1,-2
2813,front,-219.761795,468.778076,,,,,2813,-3,2
2816,front,-217.744553,495.86438,,,,,2816,-1,0
2817,front,-209.392807,491.879669,,,,,2817,-1,-8
2818,front,-209.392807,491.879669,,,,,2818,-9,8
2827,front,-221.043457,305.334564,,,,,2827,-1,0
2828,front,-224.746155,319.55838,,,,,2828,-1,-5
2829,front,-218.195038,317.503357,,,,,2829,-6,5
2835,front,-187.28717,336.08313,,,,,2835,-1,0
2836,front,-181.320312,334.154846,,,,,2836,-1,0
2837,front,-175.483414,332.292694,,,,,2837,-1,-3
2838,front,-169.770615,330.494629,,,,,2838,-4,2
2842,front,-162.709152,360.196045,,,,,2842,-2,1
2844,front,-159.023315,376.9935,,,,,2844,-1,0
2845,front,-161.4095,397.61734,,,,,2845,-1,0
2846,front,-164.103439,420.436157,,,,,2846,-1,0
2847,front,-157.597046,417.932739,,,,,2847,-1,-1
2848,front,-151.221771,415.524323,,,,,2848,-2,1
2850,front,-138.838593,410.979401,,,,,2850,-1,0
2851,front,-138.838593,410.979401,,,,,2851,-1,0
2852,front,-134.280716,432.980286,,,,,2852,-1,0
2853,front,-128.072952,430.7052,,,,,2853,-1,-6
2854,front,-121.972786,428.520233,,,,,2854,-7,-3
2861,front,-86.569397,442.499817,,,,,2861,-10,9
2871,front,-35.275864,488.75946,,,,,2871,-1,0
2872,front,-29.332788,487.382721,,,,,2872,-1,0
2873,front,-23.431585,486.095245,,,,,2873,-1,0
2874,front,-23.431585,486.095245,,,,,2874,-1,0
2875,front,-17.567785,484.896271,,,,,2875,-1,0
2876,front,-11.227476,452.143372,,,,,2876,-1,0
2877,front,0,0,,,,,2877,-1,0
2878,front,-5.935166,482.757629,,,,,2878,-1,0
2879,front,-0.158027,481.815491,,,,,2879,-1,0
2880,left,0,0,,,,,2880,-1,0
2881,left,0,0,,,,,2881,-1,0
2882,left,0,0,,,,,2882,-1,0
2883,left,0,0,,,,,2883,-1,0
2884,left,0,0,,,,,2884,-1,0
2885,left,0,0,,,,,2885,-1,0
2886,left,0,0,,,,,2886,-1,0
2887,front,0,0,,,,,2887,-1,0
2888,front,0,0,,,,,2888,-1,0
2889,front,0,0,,,,,2889,-1,0
2890,left,0,0,,,,,2890,-1,0
2891,left,0,0,,,,,2891,-1,0
2892,left,0,0,,,,,2892,-1,0
2893,left,0,0,,,,,2893,-1,0
2894,left,0,0,,,,,2894,-1,0
2895,left,0,0,,,,,2895,-1,0
2896,left,0,0,,,,,2896,-1,0
2897,left,0,0,,,,,2897,-1,0
2898,left,0,0,,,,,2898,-1,0
2899,left,0,0,,,,,2899,-1,0
2900,left,0,0,,,,,2900,-1,0
2901,left,0,0,,,,,2901,-1,0
2902,left,0,0,,,,,2902,-1,0
2903,left,0,0,,,,,2903,-1,0
2904,left,0,0,,,,,2904,-1,0
2905,left,0,0,,,,,2905,-1,0
2906,left,0,0,,,,,2906,-1,0
2907,left,0,0,,,,,2907,-1,0
2908,left,0,0,,,,,2908,-1,0
2909,left,0,0,,,,,2909,-1,0
2910,left,0,0,,,,,2910,-1,0
2911,left,0,0,,,,,2911,-1,0
2912,left,0,0,,,,,2912,-1,0
2913,left,0,0,,,,,2913,-1,0
2914,left,0,0,,,,,2914,-1,0
2915,left,0,0,,,,,2915,-1,0
2916,left,0,0,,,,,2916,-1,0
2917,left,0,0,,,,,2917,-1,0
2918,left,0,0,,,,,2918,-1,0
2919,left,0,0,,,,,2919,-1,0
2920,left,0,0,,,,,2920,-1,0
2921,left,0,0,,,,,2921,-1,0
2922,left,0,0,,,,,2922,-1,0
2923,left,0,0,,,,,2923,-1,0
2924,left,0,0,,,,,2924,-1,0
2925,left,0,0,,,,,2925,-1,0
2926,left,0,0,,,,,2926,-1,0
2927,left,0,0,,,,,2927,-1,0
2928,left,0,0,,,,,2928,-1,0
2929,left,0,0,,,,,2929,-1,0
2930,left,0,0,,,,,2930,-1,0
2931,left,0,0,,,,,2931,-1,0
2932,left,0,0,,,,,2932,-1,0
2933,left,0,0,,,,,2933,-1,0
2934,left,0,0,,,,,2934,-1,0
2935,left,0,0,,,,,2935,-1,0
2936,left,0,0,,,,,2936,-1,0
2937,left,0,0,,,,,2937,-1,0
2938,left,0,0,,,,,2938,-1,0
2939,left,0,0,,,,,2939,-1,0
2940,left,0,0,,,,,2940,-1,0
2941,left,0,0,,,,,2941,-1,0
2942,left,0,0,,,,,2942,-1,0
2943,left,0,0,,,,,2943,-1,0
2944,left,0,0,,,,,2944,-1,0
2945,left,0,0,,,,,2945,-1,0
2946,left,0,0,,,,,2946,-1,0
2947,left,0,0,,,,,2947,-1,0
2948,left,0,0,,,,,2948,-1,0
2949,left,0,0,,,,,2949,-1,0
2950,left,0,0,,,,,2950,-1,0
2951,left,0,0,,,,,2951,-1,0
2952,left,0,0,,,,,2952,-1,0
2953,left,0,0,,,,,2953,-1,0
2954,left,0,0,,,,,2954,-1,0
2955,left,0,0,,,,,2955,-1,0
2956,front,0,0,,,,,2956,-1,0
2957,front,0,0,,,,,2957,-1,0
2958,front,0,0,,,,,2958,-1,0
2959,front,0,0,,,,,2959,-1,0
2960,front,0,0,,,,,2960,-1,0
2961,front,0,0,,,,,2961,-1,0
2962,front,0,0,,,,,2962,-1,0
2963,front,0,0,,,,,2963,-1,0
2964,front,0,0,,,,,2964,-1,0
2965,left,0,0,,,,,2965,-1,0
2966,left,0,0,,,,,2966,-1,0
2967,left,0,0,,,,,2967,-1,0
2968,left,0,0,,,,,2968,-1,0
2969,front,0,0,,,,,2969,-1,0
2970,left,0,0,,,,,2970,-1,0
2971,left,0,0,,,,,2971,-1,0
2972,left,0,0,,,,,2972,-1,0
2973,left,0,0,,,,,2973,-1,0
2974,front,0,0,,,,,2974,-1,0
2975,front,0,0,,,,,2975,-1,0
2976,front,0,0,,,,,2976,-1,0
2977,left,0,0,,,,,2977,-1,0
2978,left,0,0,,,,,2978,-1,0
2979,left,0,0,,,,,2979,-1,-10
2980,left,0,0,,,,,2980,-11,10
2991,front,0,0,,,,,2991,-1,0
2992,front,0,0,,,,,2992,-1,0
2993,front,0,0,,,,,2993,-1,0
2994,front,0,0,,,,,2994,-1,0
2995,front,0,0,,,,,2995,-1,0
2996,front,0,0,,,,,2996,-1,0
2997,front,0,0,,,,,2997,-1,0
2998,front,0,0,,,,,2998,-1,-2
2999,front,0,0,,,,,2999,-3,1
3002,front,0,0,,,,,3002,-2,1
3004,left,0,0,,,,,3004,-1,0
3005,left,0,0,,,,,3005,-1,0
3006,left,0,0,,,,,3006,-1,0
3007,left,0,0,,,,,3007,-1,0
3008,left,0,0,,,,,3008,-1,0
3009,left,0,0,,,,,3009,-1,0
3010,left,0,0,,,,,3010,-1,0
3011,left,0,0,,,,,3011,-1,0
3012,left,0,0,,,,,3012,-1,0
3013,left,0,0,,,,,3013,-1,0
3014,left,0,0,,,,,3014,-1,0
3015,left,0,0,,,,,3015,-1,0
3016,left,0,0,,,,,3016,-1,0
3017,left,0,0,,,,,3017,-1,0
3018,left,0,0,,,,,3018,-1,0
3019,left,0,0,,,,,3019,-1,0
3020,left,0,0,,,,,3020,-1,0
3021,left,0,0,,,,,3021,-1,-1
3022,left,0,0,,,,,3022,-2,1
3024,left,0,0,,,,,3024,-1,0
3025,left,0,0,,,,,3025,-1,0
3026,left,0,0,,,,,3026,-1,0
3027,left,0,0,,,,,3027,-1,0
3028,left,0,0,,,,,3028,-1,-2
3029,left,0,0,,,,,3029,-3,1
3032,left,0,0,,,,,3032,-2,1
3034,left,0,0,,,,,3034,-1,0
3035,left,0,0,,,,,3035,-1,0
3036,left,0,0,,,,,3036,-1,0
3037,left,0,0,,,,,3037,-1,0
3038,left,0,0,,,,,3038,-1,-9
3039,left,0,0,,,,,3039,-10,9
3049,front,-266.969696,419.306702,,,,,3049,-1,0
3050,front,-275.875488,423.122314,,,,,3050,-1,-5
3051,front,-285.070618,427.101807,,,,,3051,-6,5
3057,front,-289.075134,372.064117,,,,,3057,-1,-6
3058,front,-290.831207,356.455383,,,,,3058,-7,4
3065,front,-286.019928,288.015045,,,,,3065,-3,2
3068,front,-273.426971,494.519836,,,,,3068,-1,-1
3069,front,-283.375854,499.49823,,,,,3069,-2,-1
3071,front,-273.979034,468.305237,,,,,3071,-3,2
3074,front,-303.952881,482.745453,,,,,3074,-1,0
3075,front,-284.214539,448.903442,,,,,3075,-1,0
3076,front,-293.939697,453.364655,,,,,3076,-1,0
3077,front,-293.939697,453.364655,,,,,3077,-1,0
3078,front,-285.070618,427.101807,,,,,3078,-1,0
3079,front,-294.57196,431.25351,,,,,3079,-1,0
3080,front,-286.179443,407.191559,,,,,3080,-1,0
3081,front,-278.669434,385.437317,,,,,3081,-1,0
3082,front,-278.669434,385.437317,,,,,3082,-1,0
3083,front,-305.115997,415.110413,,,,,3083,-1,0
3084,front,-296.664551,392.542999,,,,,3084,-1,0
3085,front,-306.121368,396.325104,,,,,3085,-1,0
3086,front,-298.079895,375.465057,,,,,3086,-1,0
3087,front,-307.391754,379.010284,,,,,3087,-1,0
3088,front,-308.908569,362.980255,,,,,3088,-1,0
3089,front,-308.908569,362.980255,,,,,3089,-1,0
3090,front,-301.567139,344.946472,,,,,3090,-1,0
3091,front,-288.845123,313.127838,,,,,3091,-1,0
3092,front,-283.311768,299.007446,,,,,3092,-1,0
3093,front,-278.247955,285.898529,,,,,3093,-1,0
3094,front,-286.019928,288.015045,,,,,3094,-1,0
3095,front,-288.867767,277.613495,,,,,3095,-1,0
3096,front,-305.1409,281.84906,,,,,3096,-1,0
3097,front,-287.239899,256.565308,,,,,3097,-1,0
3098,front,-282.983948,246.082352,,,,,3098,-1,0
3099,front,-286.357422,237.692734,,,,,3099,-1,0
3100,front,-278.982483,219.359406,,,,,3100,-1,0
3101,front,-275.697235,210.931625,,,,,3101,-1,0
3102,front,-286.472992,205.005203,,,,,3102,-1,0
3103,front,-290.412781,198.17363,,,,,3103,-1,0
3104,front,-287.34671,190.638535,,,,,3104,-1,0
3105,front,-291.493561,184.259003,,,,,3105,-1,0
3106,front,-293.060516,171.300476,,,,,3106,-1,0
3107,front,-297.566162,165.418533,,,,,3107,-1,0
3108,front,-292.790588,153.122437,,,,,3108,-1,0
3109,front,-290.655518,147.329834,,,,,3109,-1,0
3110,front,-293.554443,136.558014,,,,,3110,-1,0
3111,front,-283.574402,126.14669,,,,,3111,-1,0
3112,front,-295.271637,121.255577,,,,,3112,-1,0
3113,front,-300.622162,116.330681,,,,,3113,-1,0
3114,front,-297.898956,106.932106,,,,,3114,-1,0
3115,front,-295.643646,98.03286,,,,,3115,-1,0
3116,front,-293.819061,89.565292,,,,,3116,-1,0
3117,front,-285.457275,78.144447,,,,,3117,-1,0
3118,front,-291.346283,73.69603,,,,,3118,-1,0
3119,front,-304.694275,72.31366,,,,,3119,-1,0
3120,front,-296.936646,61.696842,,,,,3120,-1,0
3121,front,-296.73407,54.423485,,,,,3121,-1,0
3122,front,-303.47467,49.813751,,,,,3122,-1,0
3123,front,-303.793823,42.676174,,,,,3123,-1,0
3124,front,-297.717499,36.929817,,,,,3124,-1,0
3125,front,-298.699738,30.119091,,,,,3125,-1,0
3126,front,-288.578766,19.732595,,,,,3126,-1,-36
3127,front,-301.692596,16.641138,,,,,3127,-37,36
3164,front,-295.936035,14.922214,,,,,3164,-1,1
3165,front,-288.578766,19.732595,,,,,3165,0,-1
3165,front,-288.578766,19.732595,,,,,3165,-1,0
3166,front,-280.29245,30.750023,,,,,3166,-1,0
3167,front,-285.347412,36.01619,,,,,3167,-1,0
3168,front,-290.587524,44.938847,,,,,3168,-1,0
3169,front,-284.139343,49.390732,,,,,3169,-1,0
3170,front,-283.992523,56.277512,,,,,3170,-1,0
3171,front,-284.156738,63.341068,,,,,3171,-1,0
3172,front,-278.531097,71.292732,,,,,3172,-1,0
3173,front,-272.935333,75.574379,,,,,3173,-1,0
3174,front,-274.364136,86.892868,,,,,3174,-1,0
3175,front,-269.810516,95.186234,,,,,3175,-1,0
3176,front,-272.400208,107.705498,,,,,3176,-1,0
3177,front,-274.605286,116.628532,,,,,3177,-1,0
3178,front,-269.790314,121.296883,,,,,3178,-1,0
3179,front,-253.715454,125.89312,,,,,3179,-1,0
3180,front,-263.4664,140.786621,,,,,3180,-1,0
3181,front,-266.809631,151.589188,,,,,3181,-1,0
3182,front,-264.4776,162.755249,,,,,3182,-1,0
3183,front,-254.419556,167.778488,,,,,3183,-1,0
3184,front,-252.538284,179.838898,,,,,3184,-1,0
3185,front,-250.994812,192.789352,,,,,3185,-1,0
3186,front,-247.348541,199.209198,,,,,3186,-1,0
3187,front,-237.923599,204.925262,,,,,3187,-1,0
3188,front,-234.461761,211.735657,,,,,3188,-1,0
3189,front,-233.542297,227.281021,,,,,3189,-1,0
3190,front,-239.126129,245.76236,,,,,3190,-1,0
3191,front,-227.030945,243.129166,,,,,3191,-1,0
3192,front,-242.710846,276.417847,,,,,3192,-1,0
3193,front,-223.662247,271.490082,,,,,3193,-1,0
3194,front,-220.645462,281.52124,,,,,3194,-1,0
3195,front,-217.667969,292.154205,,,,,3195,-1,0
3196,front,-208.561874,301.649719,,,,,3196,-1,0
3197,front,-215.380936,330.528961,,,,,3197,-1,0
3198,front,-196.450745,324.447845,,,,,3198,-1,0
3199,front,-193.391022,338.081146,,,,,3199,-1,0
3200,front,-190.311188,352.78363,,,,,3200,-1,0
3201,front,-187.200272,368.705048,,,,,3201,-1,0
3202,front,-184.045258,386.023041,,,,,3202,-1,0
3203,front,-180.830948,404.950439,,,,,3203,-1,0
3204,front,-174.216187,402.41275,,,,,3204,-1,0
3205,front,-161.4095,397.61734,,,,,3205,-1,0
3206,front,-167.158157,445.831696,,,,,3206,-1,0
3207,front,-151.221771,415.524323,,,,,3207,-1,-1
3208,front,-147.04361,437.813995,,,,,3208,-2,1
3210,front,-186.725235,197.14743,,,,,3210,-1,0
3211,front,-131.009888,487.543762,,,,,3211,-1,-5
3212,front,-182.708954,225.63385,,,,,3212,-6,5
3218,front,-146.712692,309.578796,,,,,3218,-1,0
3219,front,-137.786423,320.914886,,,,,3219,-1,-3
3220,front,-128.62085,333.158081,,,,,3220,-4,3
3224,front,-94.25489,356.676575,,,,,3224,-1,-1
3225,front,-93.808929,375.363831,,,,,3225,-2,-1
3227,front,-81.833282,415.513885,,,,,3227,-3,2
3230,front,-58.371174,434.365387,,,,,3230,-1,0
3231,front,-47.305519,491.789398,,,,,3231,-1,0
3232,front,0,0,,,,,3232,-1,0
3233,front,0,0,,,,,3233,-1,0
3234,front,0,0,,,,,3234,-1,0
3235,front,0,0,,,,,3235,-1,0
3236,front,0,0,,,,,3236,-1,0
3237,front,0,0,,,,,3237,-1,0
3238,left,0,0,,,,,3238,-1,0
3239,left,0,0,,,,,3239,-1,0
3240,front,0,0,,,,,3240,-1,0
3241,left,0,0,,,,,3241,-1,0
3242,left,0,0,,,,,3242,-1,0
3243,left,0,0,,,,,3243,-1,0
3244,left,0,0,,,,,3244,-1,0
3245,left,0,0,,,,,3245,-1,0
3246,left,0,0,,,,,3246,-1,0
3247,left,0,0,,,,,3247,-1,0
3248,left,0,0,,,,,3248,-1,0
3249,front,0,0,,,,,3249,-1,0
3250,front,0,0,,,,,3250,-1,-7
3251,front,0,0,,,,,3251,-8,7
3259,front,0,0,,,,,3259,-1,0
3260,front,0,0,,,,,3260,-1,0
3261,front,0,0,,,,,3261,-1,0
3262,front,0,0,,,,,3262,-1,0
3263,front,0,0,,,,,3263,-1,0
3264,front,0,0,,,,,3264,-1,0
3265,front,0,0,,,,,3265,-1,0
3266,front,0,0,,,,,3266,-1,0
3267,left,0,0,,,,,3267,-1,0
3268,left,0,0,,,,,3268,-1,0
3269,front,0,0,,,,,3269,-1,0
3270,front,0,0,,,,,3270,-1,0
3271,front,0,0,,,,,3271,-1,0
3272,front,0,0,,,,,3272,-1,0
3273,front,0,0,,,,,3273,-1,0
3274,front,0,0,,,,,3274,-1,0
3275,front,0,0,,,,,3275,-1,0
3276,front,0,0,,,,,3276,-1,0
3277,front,0,0,,,,,3277,-1,0
3278,front,0,0,,,,,3278,-1,0
3279,front,0,0,,,,,3279,-1,0
3280,front,0,0,,,,,3280,-1,0
3281,front,0,0,,,,,3281,-1,0
3282,front,0,0,,,,,3282,-1,0
3283,front,0,0,,,,,3283,-1,0
3284,front,0,0,,,,,3284,-1,0
3285,front,0,0,,,,,3285,-1,0
3286,front,0,0,,,,,3286,-1,0
3287,front,0,0,,,,,3287,-1,0
3288,front,0,0,,,,,3288,-1,0
3289,front,0,0,,,,,3289,-1,0
3290,front,0,0,,,,,3290,-1,0
3291,front,0,0,,,,,3291,-1,0
3292,front,0,0,,,,,3292,-1,0
3293,front,0,0,,,,,3293,-1,0
3294,front,0,0,,,,,3294,-1,0
3295,front,0,0,,,,,3295,-1,0
3296,front,0,0,,,,,3296,-1,0
3297,front,0,0,,,,,3297,-1,0
3298,front,0,0,,,,,3298,-1,0
3299,front,0,0,,,,,3299,-1,0
3300,front,0,0,,,,,3300,-1,0
3301,front,0,0,,,,,3301,-1,0
3302,front,0,0,,,,,3302,-1,0
3303,front,0,0,,,,,3303,-1,0
3304,front,0,0,,,,,3304,-1,0
3305,front,0,0,,,,,3305,-1,0
3306,front,0,0,,,,,3306,-1,0
3307,front,0,0,,,,,3307,-1,0
3308,left,0,0,,,,,3308,-1,0
3309,left,0,0,,,,,3309,-1,0
3310,left,0,0,,,,,3310,-1,0
3311,left,0,0,,,,,3311,-1,0
3312,left,0,0,,,,,3312,-1,0
3313,left,0,0,,,,,3313,-1,0
3314,left,0,0,,,,,3314,-1,0
3315,front,0,0,,,,,3315,-1,0
3316,left,0,0,,,,,3316,-1,0
3317,front,0,0,,,,,3317,-1,0
3318,front,0,0,,,,,3318,-1,0
3319,front,0,0,,,,,3319,-1,0
3320,front,0,0,,,,,3320,-1,0
3321,front,0,0,,,,,3321,-1,0
3322,front,0,0,,,,,3322,-1,0
3323,front,0,0,,,,,3323,-1,0
3324,front,0,0,,,,,3324,-1,0
3325,front,0,0,,,,,3325,-1,-1
3326,front,0,0,,,,,3326,-2,1
3328,front,0,0,,,,,3328,-1,0
3329,left,0,0,,,,,3329,-1,0
3330,left,0,0,,,,,3330,-1,0
3331,left,0,0,,,,,3331,-1,0
3332,left,0,0,,,,,3332,-1,0
3333,left,0,0,,,,,3333,-1,0
3334,left,0,0,,,,,3334,-1,0
3335,left,0,0,,,,,3335,-1,0
3336,left,0,0,,,,,3336,-1,0
3337,left,0,0,,,,,3337,-1,0
3338,front,0,0,,,,,3338,-1,0
3339,front,0,0,,,,,3339,-1,0
3340,front,0,0,,,,,3340,-1,0
3341,left,0,0,,,,,3341,-1,0
3342,left,0,0,,,,,3342,-1,0
3343,front,0,0,,,,,3343,-1,0
3344,left,0,0,,,,,3344,-1,0
3345,left,0,0,,,,,3345,-1,0
3346,left,0,0,,,,,3346,-1,0
3347,left,0,0,,,,,3347,-1,0
3348,left,0,0,,,,,3348,-1,0
3349,left,0,0,,,,,3349,-1,0
3350,left,0,0,,,,,3350,-1,0
3351,left,0,0,,,,,3351,-1,0
3352,left,0,0,,,,,3352,-1,0
3353,left,0,0,,,,,3353,-1,0
3354,left,0,0,,,,,3354,-1,0
3355,left,0,0,,,,,3355,-1,-1
3356,front,0,0,,,,,3356,-2,1
3358,left,0,0,,,,,3358,-1,0
3359,left,0,0,,,,,3359,-1,0
3360,left,0,0,,,,,3360,-1,0
3361,left,0,0,,,,,3361,-1,0
3362,left,0,0,,,,,3362,-1,0
3363,left,0,0,,,,,3363,-1,0
3364,left,0,0,,,,,3364,-1,0
3365,left,0,0,,,,,3365,-1,0
3366,left,0,0,,,,,3366,-1,0
3367,left,0,0,,,,,3367,-1,0
3368,left,0,0,,,,,3368,-1,0
3369,left,0,0,,,,,3369,-1,-1
3370,left,0,0,,,,,3370,-2,-2
3372,left,0,0,,,,,3372,-4,3
3376,left,0,0,,,,,3376,-1,0
3377,left,0,0,,,,,3377,-1,0
3378,left,0,0,,,,,3378,-1,-3
3379,left,0,0,,,,,3379,-4,-6
3383,left,0,0,,,,,3383,-10,9
3393,left,0,0,,,,,3393,-1,0
3394,left,0,0,,,,,3394,-1,0
3395,front,0,0,,,,,3395,-1,-9
3396,front,0,0,,,,,3396,-10,2
3406,front,-308.908569,362.980255,,,,,3406,-8,4
3414,front,-283.375854,499.49823,,,,,3414,-4,3
3418,front,-303.952881,482.745453,,,,,3418,-1,0
3419,front,-314.651093,488.004608,,,,,3419,-1,0
3420,front,-301.870544,192.478806,,,,,3420,-1,0
3421,front,-303.999207,458.024567,,,,,3421,-1,0
3422,front,-314.415192,462.895691,,,,,3422,-1,0
3423,front,-325.211243,467.991272,,,,,3423,-1,0
3424,front,-314.572632,440.115814,,,,,3424,-1,0
3425,front,-295.488586,411.066833,,,,,3425,-1,0
3426,front,-305.115997,415.110413,,,,,3426,-1,0
3427,front,-315.081818,419.332245,,,,,3427,-1,0
3428,front,-306.121368,396.325104,,,,,3428,-1,0
3429,front,-298.079895,375.465057,,,,,3429,-1,1
3430,front,-290.831207,356.455383,,,,,3430,0,-2
3430,front,-290.831207,356.455383,,,,,3430,-2,1
3432,front,-299.718201,359.650696,,,,,3432,-1,0
3433,front,-308.908569,362.980255,,,,,3433,-1,0
3434,front,-318.421356,366.452423,,,,,3434,-1,0
3435,front,-303.61673,331.221863,,,,,3435,-1,0
3436,front,-297.211426,315.69397,,,,,3436,-1,0
3437,front,-305.858795,318.364594,,,,,3437,-1,0
3438,front,-291.367035,301.336609,,,,,3438,-1,0
3439,front,-299.687256,303.758484,,,,,3439,-1,0
3440,front,-294.042633,290.214203,,,,,3440,-1,0
3441,front,-302.330872,292.500671,,,,,3441,-1,0
3442,front,-305.1409,281.84906,,,,,3442,-1,0
3443,front,-291.856049,267.741882,,,,,3443,-1,0
3444,front,-308.116486,271.740479,,,,,3444,-1,0
3445,front,-302.986664,260.196136,,,,,3445,-1,0
3446,front,-298.259125,249.378799,,,,,3446,-1,0
3447,front,-293.894897,239.215881,,,,,3447,-1,0
3448,front,-289.860138,229.644135,,,,,3448,-1,0
3449,front,-297.429749,231.076202,,,,,3449,-1,0
3450,front,-293.496796,221.903122,,,,,3450,-1,0
3451,front,-297.2724,214.43956,,,,,3451,-1,0
3452,front,-293.714691,206.095276,,,,,3452,-1,0
3453,front,-297.718292,199.18663,,,,,3453,-1,0
3454,front,-297.718292,199.18663,,,,,3454,-1,0
3455,front,-301.870544,192.478806,,,,,3455,-1,0
3456,front,-288.707642,177.308075,,,,,3456,-1,0
3457,front,-303.095886,178.796936,,,,,3457,-1,0
3458,front,-300.22995,171.961273,,,,,3458,-1,0
3459,front,-295.090515,159.145782,,,,,3459,-1,0
3460,front,-283.960388,147.004333,,,,,3460,-1,0
3461,front,-283.960388,147.004333,,,,,3461,-1,0
3462,front,-288.675018,141.750809,,,,,3462,-1,0
3463,front,-285.142365,131.172897,,,,,3463,-1,0
3464,front,-283.574402,126.14669,,,,,3464,-1,0
3465,front,-282.129486,121.279396,,,,,3465,-1,0
3466,front,-295.271637,121.255577,,,,,3466,-1,0
3467,front,-293.798096,116.411148,,,,,3467,-1,0
3468,front,-284.740295,107.33532,,,,,3468,-1,0
3469,front,-290.088165,102.690407,,,,,3469,-1,0
3470,front,-289.071594,98.357071,,,,,3470,-1,0
3471,front,-281.07489,90.421928,,,,,3471,-1,0
3472,front,-280.394806,86.438583,,,,,3472,-1,0
3473,front,-285.995148,82.015656,,,,,3473,-1,0
3474,front,-278.873413,74.972412,,,,,3474,-1,0
3475,front,-278.873413,74.972412,,,,,3475,-1,0
3476,front,-291.346283,73.69603,,,,,3476,-1,0
3477,front,-290.956787,69.914421,,,,,3477,-1,0
3478,front,-290.654358,66.195869,,,,,3478,-1,0
3479,front,-296.936646,61.696842,,,,,3479,-1,0
3480,front,-290.303925,58.927956,,,,,3480,-1,0
3481,front,-290.253143,55.369053,,,,,3481,-1,0
3482,front,-296.73407,54.423485,,,,,3482,-1,0
3483,front,-296.761932,50.854725,,,,,3483,-1,0
3484,front,-290.395538,48.378773,,,,,3484,-1,0
3485,front,-296.874542,47.325283,,,,,3485,-1,0
3486,front,-290.587524,44.938847,,,,,3486,-1,0
3487,front,-290.587524,44.938847,,,,,3487,-1,0
3488,front,-290.85907,41.530323,,,,,3488,-1,0
3489,front,-297.352661,40.366985,,,,,3489,-1,0
3490,front,-291.210602,38.149082,,,,,3490,-1,0
3491,front,-291.210602,38.149082,,,,,3491,-1,0
3492,front,-285.347412,36.01619,,,,,3492,-1,0
3493,front,-291.641785,34.791279,,,,,3493,-1,0
3494,front,-285.839508,32.733089,,,,,3494,-1,0
3495,front,-280.29245,30.750023,,,,,3495,-1,0
3496,front,-285.839508,32.733089,,,,,3496,-1,0
3497,front,-280.29245,30.750023,,,,,3497,-1,0
3498,front,-280.29245,30.750023,,,,,3498,-1,0
3499,front,-280.29245,30.750023,,,,,3499,-1,0
3500,front,-280.29245,30.750023,,,,,3500,-1,0
3501,front,-285.839508,32.733089,,,,,3501,-1,0
3502,front,-285.839508,32.733089,,,,,3502,-1,0
3503,front,-285.347412,36.01619,,,,,3503,-1,0
3504,front,-291.210602,38.149082,,,,,3504,-1,0
3505,front,-284.931702,39.319656,,,,,3505,-1,0
3506,front,-284.591583,42.647427,,,,,3506,-1,0
3507,front,-284.591583,42.647427,,,,,3507,-1,0
3508,front,-284.327637,46.003109,,,,,3508,-1,0
3509,front,-284.139343,49.390732,,,,,3509,-1,0
3510,front,-278.092926,50.363522,,,,,3510,-1,0
3511,front,-283.992523,56.277512,,,,,3511,-1,0
3512,front,-277.939575,57.151035,,,,,3512,-1,0
3513,front,-272.204437,64.86129,,,,,3513,-1,0
3514,front,-278.531097,71.292732,,,,,3514,-1,0
3515,front,-272.616516,71.942818,,,,,3515,-1,0
3516,front,-273.33139,79.273018,,,,,3516,-1,0
3517,front,-267.996887,83.52919,,,,,3517,-1,0
3518,front,-269.810516,95.186234,,,,,3518,-1,0
3519,front,-270.58313,99.254387,,,,,3519,-1,0
3520,front,-279.584259,111.977997,,,,,3520,-1,0
3521,front,-268.597321,116.69368,,,,,3521,-1,0
3522,front,-277.235687,126.09481,,,,,3522,-1,0
3523,front,-266.464905,130.833939,,,,,3523,-1,0
3524,front,-269.484619,141.016846,,,,,3524,-1,0
3525,front,-281.475555,158.19455,,,,,3525,-1,0
3526,front,-270.696747,163.252777,,,,,3526,-1,0
3527,front,-268.754883,175.261597,,,,,3527,-1,0
3528,front,-264.759613,181.214066,,,,,3528,-1,0
3529,front,-263.364441,194.462967,,,,,3529,-1,0
3530,front,-268.938141,209.843353,,,,,3530,-1,0
3531,front,-258.807129,215.868362,,,,,3531,-1,0
3532,front,-261.832275,224.409378,,,,,3532,-1,0
3533,front,-261.776672,241.570312,,,,,3533,-1,0
3534,front,-258.550079,250.065125,,,,,3534,-1,0
3535,front,-255.416412,258.967499,,,,,3535,-1,0
3536,front,-252.371826,268.321991,,,,,3536,-1,0
3537,front,-249.413177,278.179047,,,,,3537,-1,0
3538,front,-246.537399,288.59549,,,,,3538,-1,0
3539,front,-236.95903,297.664795,,,,,3539,-1,0
3540,front,-257.990479,344.882111,,,,,3540,-1,0
3541,front,-255.794724,359.756409,,,,,3541,-1,0
3542,front,-248.085739,356.971008,,,,,3542,-1,0
3543,front,-245.890656,372.842285,,,,,3543,-1,0
3544,front,-243.802246,390.038574,,,,,3544,-1,0
3545,front,-228.522171,384.079865,,,,,3545,-1,0
3546,front,-248.284714,432.842743,,,,,3546,-1,0
3547,front,-239.961456,429.227325,,,,,3547,-1,0
3548,front,-238.221634,451.739899,,,,,3548,-1,0
3549,front,-236.613449,476.640869,,,,,3549,-1,0
3550,front,-228.070251,472.627045,,,,,3550,-1,0
3551,front,-239.296783,191.221848,,,,,3551,-1,0
3552,front,-209.392807,491.879669,,,,,3552,-1,-2
3553,front,-209.392807,491.879669,,,,,3553,-3,1
3556,front,-236.190674,274.717712,,,,,3556,-2,1
3558,front,-227.526978,307.276459,,,,,3558,-1,-8
3559,front,-218.195038,317.503357,,,,,3559,-9,8
3568,front,-160.314224,443.051239,,,,,3568,-1,-8
3569,front,-170.639008,474.27771,,,,,3569,-9,8
3578,front,0,0,,,,,3578,-1,-3
3579,front,0,0,,,,,3579,-4,3
3583,front,0,0,,,,,3583,-1,0
3584,left,0,0,,,,,3584,-1,0
3585,left,0,0,,,,,3585,-1,0
3586,front,0,0,,,,,3586,-1,0
3587,front,0,0,,,,,3587,-1,0
3588,front,0,0,,,,,3588,-1,0
3589,front,0,0,,,,,3589,-1,0
3590,front,0,0,,,,,3590,-1,0
3591,front,0,0,,,,,3591,-1,0
3592,front,0,0,,,,,3592,-1,-2
3593,front,0,0,,,,,3593,-3,2
3596,front,0,0,,,,,3596,-1,0
3597,left,0,0,,,,,3597,-1,0
3598,left,0,0,,,,,3598,-1,0
3599,front,0,0,,,,,3599,-1,0
3600,front,0,0,,,,,3600,-1,0
3601,front,0,0,,,,,3601,-1,0
3602,left,0,0,,,,,3602,-1,0
3603,front,0,0,,,,,3603,-1,0
3604,front,0,0,,,,,3604,-1,0
3605,front,0,0,,,,,3605,-1,0
3606,front,0,0,,,,,3606,-1,0
3607,front,0,0,,,,,3607,-1,0
3608,front,0,0,,,,,3608,-1,0
3609,front,0,0,,,,,3609,-1,0
3610,front,0,0,,,,,3610,-1,0
3611,front,0,0,,,,,3611,-1,0
3612,front,0,0,,,,,3612,-1,0
3613,front,0,0,,,,,3613,-1,0
3614,front,0,0,,,,,3614,-1,0
3615,front,0,0,,,,,3615,-1,0
3616,left,0,0,,,,,3616,-1,0
3617,left,0,0,,,,,3617,-1,0
3618,left,0,0,,,,,3618,-1,0
3619,left,0,0,,,,,3619,-1,0
3620,left,0,0,,,,,3620,-1,0
3621,left,0,0,,,,,3621,-1,0
3622,left,0,0,,,,,3622,-1,0
3623,front,0,0,,,,,3623,-1,0
3624,front,0,0,,,,,3624,-1,0
3625,front,0,0,,,,,3625,-1,0
3626,front,0,0,,,,,3626,-1,0
3627,front,0,0,,,,,3627,-1,0
3628,front,0,0,,,,,3628,-1,0
3629,front,0,0,,,,,3629,-1,0
3630,front,0,0,,,,,3630,-1,0
3631,front,0,0,,,,,3631,-1,0
3632,front,0,0,,,,,3632,-1,0
3633,front,0,0,,,,,3633,-1,0
3634,front,0,0,,,,,3634,-1,0
3635,front,0,0,,,,,3635,-1,0
3636,front,0,0,,,,,3636,-1,0
3637,front,0,0,,,,,3637,-1,0
3638,front,0,0,,,,,3638,-1,0
3639,front,0,0,,,,,3639,-1,0
3640,front,0,0,,,,,3640,-1,0
3641,front,0,0,,,,,3641,-1,0
3642,front,0,0,,,,,3642,-1,0
3643,front,0,0,,,,,3643,-1,0
3644,front,0,0,,,,,3644,-1,0
3645,front,0,0,,,,,3645,-1,0
3646,front,0,0,,,,,3646,-1,0
3647,front,0,0,,,,,3647,-1,0
3648,front,0,0,,,,,3648,-1,0
3649,front,0,0,,,,,3649,-1,0
3650,front,0,0,,,,,3650,-1,0
3651,front,0,0,,,,,3651,-1,0
3652,front,0,0,,,,,3652,-1,0
3653,front,0,0,,,,,3653,-1,0
3654,front,0,0,,,,,3654,-1,0
3655,front,0,0,,,,,3655,-1,0
3656,front,0,0,,,,,3656,-1,0
3657,front,0,0,,,,,3657,-1,0
3658,left,0,0,,,,,3658,-1,0
3659,left,0,0,,,,,3659,-1,0
3660,left,0,0,,,,,3660,-1,-10
3661,left,0,0,,,,,3661,-11,8
3672,front,0,0,,,,,3672,-3,2
3675,left,0,0,,,,,3675,-1,0
3676,front,0,0,,,,,3676,-1,0
3677,front,0,0,,,,,3677,-1,0
3678,front,0,0,,,,,3678,-1,0
3679,left,0,0,,,,,3679,-1,0
3680,left,0,0,,,,,3680,-1,0
3681,left,0,0,,,,,3681,-1,0
3682,left,0,0,,,,,3682,-1,-1
3683,left,0,0,,,,,3683,-2,1
3685,left,0,0,,,,,3685,-1,0
3686,left,0,0,,,,,3686,-1,0
3687,left,0,0,,,,,3687,-1,0
3688,left,0,0,,,,,3688,-1,0
3689,left,0,0,,,,,3689,-1,0
3690,left,0,0,,,,,3690,-1,0
3691,left,0,0,,,,,3691,-1,0
3692,left,0,0,,,,,3692,-1,0
3693,left,0,0,,,,,3693,-1,0
3694,left,0,0,,,,,3694,-1,0
3695,left,0,0,,,,,3695,-1,0
3696,left,0,0,,,,,3696,-1,0
3697,left,0,0,,,,,3697,-1,0
3698,left,0,0,,,,,3698,-1,0
3699,left,0,0,,,,,3699,-1,0
3700,left,0,0,,,,,3700,-1,0
3701,left,0,0,,,,,3701,-1,0
3702,left,0,0,,,,,3702,-1,0
3703,left,0,0,,,,,3703,-1,0
3704,left,0,0,,,,,3704,-1,0
3705,left,0,0,,,,,3705,-1,0
3706,left,0,0,,,,,3706,-1,-5
3707,left,0,0,,,,,3707,-6,-6
3713,left,0,0,,,,,3713,-12,11
3725,front,-317.030457,382.708893,,,,,3725,-1,-2
3726,front,-337.370667,390.601837,,,,,3726,-3,2
3729,front,-314.803772,321.145355,,,,,3729,-1,-1
3730,front,-333.660492,327.064087,,,,,3730,-2,1
3732,front,-313.692627,284.094757,,,,,3732,-1,0
3733,front,-316.664459,273.860291,,,,,3733,-1,-1
3734,front,-328.676788,266.20163,,,,,3734,-2,1
3736,front,-303.999207,458.024567,,,,,3736,-1,0
3737,front,-325.742249,493.509827,,,,,3737,-1,0
3738,front,-314.415192,462.895691,,,,,3738,-1,0
3739,front,-325.211243,467.991272,,,,,3739,-1,0
3740,front,-348.045502,478.911499,,,,,3740,-1,0
3741,front,-336.0513,449.800659,,,,,3741,-1,0
3742,front,-347.406891,454.983917,,,,,3742,-1,0
3743,front,-336.117279,428.354706,,,,,3743,-1,0
3744,front,-358.791626,438.232208,,,,,3744,-1,0
3745,front,-347.48584,413.20517,,,,,3745,-1,0
3746,front,-347.48584,413.20517,,,,,3746,-1,0
3747,front,-348.118591,394.816956,,,,,3747,-1,0
3748,front,-320.06601,351.343445,,,,,3748,-1,0
3749,front,-321.950684,337.245728,,,,,3749,-1,0
3750,front,-324.064362,324.042847,,,,,3750,-1,0
3751,front,-326.399475,311.634918,,,,,3751,-1,0
3752,front,-328.94986,299.935028,,,,,3752,-1,0
3753,front,-331.711426,288.86734,,,,,3753,-1,0
3754,front,-319.815857,264.119659,,,,,3754,-1,0
3755,front,-323.14798,254.82254,,,,,3755,-1,0
3756,front,-313.33551,234.107941,,,,,3756,-1,0
3757,front,-325.534302,227.59964,,,,,3757,-1,0
3758,front,-338.350311,221.241623,,,,,3758,-1,0
3759,front,-342.646454,213.575287,,,,,3759,-1,0
3760,front,-330.151581,188.737473,,,,,3760,-1,0
3761,front,-320.136963,167.255859,,,,,3761,-1,0
3762,front,-322.358826,154.880844,,,,,3762,-1,0
3763,front,-325.124542,143.145706,,,,,3763,-1,0
3764,front,-318.562012,126.418053,,,,,3764,-1,0
3765,front,-311.972137,106.492096,,,,,3765,-1,0
3766,front,-316.759888,96.974594,,,,,3766,-1,0
3767,front,-329.80014,87.087837,,,,,3767,-1,0
3768,front,-319.025513,70.812408,,,,,3768,-1,0
3769,front,-317.71109,55.128983,,,,,3769,-1,0
3770,front,-325.3078,42.642365,,,,,3770,-1,0
3771,front,-326.87912,27.830496,,,,,3771,-1,-48
3772,front,-330.138062,13.232082,,,,,3772,-49,-3
3821,left,0,0,,,,,3821,-52,47
3873,left,-215.323151,-19.832811,,,,,3873,-5,4
3878,front,-224.16391,44.831982,,,,,3878,-1,0
3879,front,-226.60881,67.372734,,,,,3879,-1,0
3880,front,-232.101608,89.973824,,,,,3880,-1,0
3881,front,-225.002655,109.038094,,,,,3881,-1,0
3882,front,-218.367203,125.556686,,,,,3882,-1,0
3883,front,-223.030945,149.034882,,,,,3883,-1,0
3884,front,-221.819305,164.869171,,,,,3884,-1,0
3885,front,-230.135483,196.717499,,,,,3885,-1,0
3886,front,-217.828308,208.97052,,,,,3886,-1,0
3887,front,-211.150406,223.035538,,,,,3887,-1,0
3888,front,-210.013229,239.492142,,,,,3888,-1,0
3889,front,-209.173889,257.790802,,,,,3889,-1,0
3890,front,-217.667969,292.154205,,,,,3890,-1,0
3891,front,-208.561874,301.649719,,,,,3891,-1,0
3892,front,-208.915359,328.429108,,,,,3892,-1,0
3893,front,-196.450745,324.447845,,,,,3893,-1,1
3894,front,-214.048248,378.563904,,,,,3894,0,-2
3894,front,-214.048248,378.563904,,,,,3894,-2,1
3896,front,-208.888901,416.137817,,,,,3896,-1,0
3897,front,-206.337509,437.703827,,,,,3897,-1,0
3898,front,-203.796188,461.542023,,,,,3898,-1,-7
3899,front,-196.115082,458.140381,,,,,3899,-8,7
3907,front,-193.672104,371.033936,,,,,3907,-1,0
3908,front,-190.654373,388.498718,,,,,3908,-1,-2
3909,left,0,0,,,,,3909,-3,2
3912,left,0,0,,,,,3912,-1,-1
3913,front,-163.414444,471.174988,,,,,3913,-2,1
3915,front,-152.148178,496.355225,,,,,3915,-1,0
3916,front,0,0,,,,,3916,-1,-4
3917,front,0,0,,,,,3917,-5,4
3922,front,0,0,,,,,3922,-1,0
3923,front,0,0,,,,,3923,-1,0
3924,front,0,0,,,,,3924,-1,-1
3925,front,0,0,,,,,3925,-2,-1
3927,front,0,0,,,,,3927,-3,2
3930,front,0,0,,,,,3930,-1,-2
3931,front,0,0,,,,,3931,-3,-1
3934,left,0,0,,,,,3934,-4,3
3938,left,0,0,,,,,3938,-1,0
3939,left,0,0,,,,,3939,-1,0
3940,left,0,0,,,,,3940,-1,0
3941,left,0,0,,,,,3941,-1,0
3942,left,0,0,,,,,3942,-1,0
3943,left,0,0,,,,,3943,-1,0
3944,front,0,0,,,,,3944,-1,0
3945,front,0,0,,,,,3945,-1,0
3946,left,0,0,,,,,3946,-1,0
3947,left,0,0,,,,,3947,-1,0
3948,front,0,0,,,,,3948,-1,0
3949,left,0,0,,,,,3949,-1,0
3950,left,0,0,,,,,3950,-1,0
3951,left,0,0,,,,,3951,-1,0
3952,left,0,0,,,,,3952,-1,0
3953,left,0,0,,,,,3953,-1,0
3954,front,0,0,,,,,3954,-1,0
3955,left,0,0,,,,,3955,-1,0
3956,left,0,0,,,,,3956,-1,0
3957,left,0,0,,,,,3957,-1,0
3958,front,0,0,,,,,3958,-1,0
3959,front,0,0,,,,,3959,-1,0
3960,front,0,0,,,,,3960,-1,0
3961,front,0,0,,,,,3961,-1,0
3962,front,0,0,,,,,3962,-1,0
3963,front,0,0,,,,,3963,-1,0
3964,front,0,0,,,,,3964,-1,0
3965,front,0,0,,,,,3965,-1,0
3966,front,0,0,,,,,3966,-1,0
3967,front,0,0,,,,,3967,-1,0
3968,front,0,0,,,,,3968,-1,0
3969,front,0,0,,,,,3969,-1,0
3970,front,0,0,,,,,3970,-1,0
3971,front,0,0,,,,,3971,-1,0
3972,front,0,0,,,,,3972,-1,0
3973,front,0,0,,,,,3973,-1,0
3974,front,0,0,,,,,3974,-1,0
3975,left,0,0,,,,,3975,-1,0
3976,left,0,0,,,,,3976,-1,0
3977,left,0,0,,,,,3977,-1,0
3978,left,0,0,,,,,3978,-1,0
3979,left,0,0,,,,,3979,-1,0
3980,left,0,0,,,,,3980,-1,0
3981,front,0,0,,,,,3981,-1,0
3982,front,0,0,,,,,3982,-1,0
3983,front,0,0,,,,,3983,-1,0
3984,front,0,0,,,,,3984,-1,0
3985,front,0,0,,,,,3985,-1,0
3986,front,0,0,,,,,3986,-1,0
3987,front,0,0,,,,,3987,-1,0
3988,front,0,0,,,,,3988,-1,0
3989,front,0,0,,,,,3989,-1,0
3990,front,0,0,,,,,3990,-1,0
3991,left,0,0,,,,,3991,-1,0
3992,left,0,0,,,,,3992,-1,0
3993,left,0,0,,,,,3993,-1,0
3994,left,0,0,,,,,3994,-1,0
3995,left,0,0,,,,,3995,-1,0
3996,front,0,0,,,,,3996,-1,0
3997,left,0,0,,,,,3997,-1,0
3998,left,0,0,,,,,3998,-1,0
3999,left,0,0,,,,,3999,-1,0
4000,left,0,0,,,,,4000,-1,0
4001,left,0,0,,,,,4001,-1,0
4002,left,0,0,,,,,4002,-1,0
4003,left,0,0,,,,,4003,-1,0
4004,left,0,0,,,,,4004,-1,0
4005,left,0,0,,,,,4005,-1,0
4006,left,0,0,,,,,4006,-1,0
4007,left,0,0,,,,,4007,-1,0
4008,left,0,0,,,,,4008,-1,0
4009,left,0,0,,,,,4009,-1,0
4010,left,0,0,,,,,4010,-1,0
4011,front,0,0,,,,,4011,-1,0
4012,front,0,0,,,,,4012,-1,0
4013,front,0,0,,,,,4013,-1,0
4014,front,0,0,,,,,4014,-1,0
4015,front,0,0,,,,,4015,-1,0
4016,left,0,0,,,,,4016,-1,-1
4017,left,0,0,,,,,4017,-2,1
4019,front,0,0,,,,,4019,-1,0
4020,front,0,0,,,,,4020,-1,0
4021,front,0,0,,,,,4021,-1,-1
4022,left,0,0,,,,,4022,-2,-5
4024,left,0,0,,,,,4024,-7,6
4031,front,0,0,,,,,4031,-1,0
4032,front,0,0,,,,,4032,-1,0
4033,front,0,0,,,,,4033,-1,0
4034,front,0,0,,,,,4034,-1,0
4035,front,0,0,,,,,4035,-1,0
4036,front,0,0,,,,,4036,-1,0
4037,left,0,0,,,,,4037,-1,0
4038,front,0,0,,,,,4038,-1,-6
4039,left,0,0,,,,,4039,-7,6
4046,left,0,0,,,,,4046,-1,0
4047,left,0,0,,,,,4047,-1,0
4048,left,0,0,,,,,4048,-1,-1
4049,left,0,0,,,,,4049,-2,-1
4051,left,0,0,,,,,4051,-3,2
4054,front,0,0,,,,,4054,-1,0
4055,left,0,0,,,,,4055,-1,0
4056,left,0,0,,,,,4056,-1,-1
4057,left,0,0,,,,,4057,-2,1
4059,left,0,0,,,,,4059,-1,0
4060,left,0,0,,,,,4060,-1,0
4061,left,0,0,,,,,4061,-1,0
4062,left,0,0,,,,,4062,-1,0
4063,left,0,0,,,,,4063,-1,0
4064,left,0,0,,,,,4064,-1,0
4065,left,0,0,,,,,4065,-1,0
4066,left,0,0,,,,,4066,-1,0
4067,left,0,0,,,,,4067,-1,0
4068,front,0,0,,,,,4068,-1,0
4069,left,0,0,,,,,4069,-1,0
4070,left,0,0,,,,,4070,-1,0
4071,left,0,0,,,,,4071,-1,0
4072,left,0,0,,,,,4072,-1,0
4073,left,0,0,,,,,4073,-1,0
4074,left,0,0,,,,,4074,-1,0
4075,left,0,0,,,,,4075,-1,0
4076,left,0,0,,,,,4076,-1,0
4077,left,0,0,,,,,4077,-1,0
4078,left,0,0,,,,,4078,-1,0
4079,left,0,0,,,,,4079,-1,0
4080,left,0,0,,,,,4080,-1,0
4081,left,0,0,,,,,4081,-1,-1
4082,left,0,0,,,,,4082,-2,1
4084,left,0,0,,,,,4084,-1,-1
4085,left,0,0,,,,,4085,-2,1
4087,left,0,0,,,,,4087,-1,-1
4088,left,0,0,,,,,4088,-2,1
4090,left,0,0,,,,,4090,-1,0
4091,left,0,0,,,,,4091,-1,-4
4092,front,-325.742249,493.509827,,,,,4092,-5,2
4097,front,-347.48584,413.20517,,,,,4097,-3,2
4100,front,-352.034363,347.292236,,,,,4100,-1,0
4101,front,-335.948151,314.484467,,,,,4101,-1,-1
4102,front,-316.664459,273.860291,,,,,4102,-2,1
4104,front,-325.742249,493.509827,,,,,4104,-1,0
4105,front,-325.211243,467.991272,,,,,4105,-1,0
4106,front,-325.211243,467.991272,,,,,4106,-1,0
4107,front,-348.045502,478.911499,,,,,4107,-1,0
4108,front,-336.0513,449.800659,,,,,4108,-1,0
4109,front,-336.117279,428.354706,,,,,4109,-1,1
4110,front,-336.568604,408.701111,,,,,4110,0,-2
4110,front,-336.568604,408.701111,,,,,4110,-2,1
4112,front,-370.632324,422.857483,,,,,4112,-1,0
4113,front,-349.103058,377.811676,,,,,4113,-1,-2
4114,front,-331.61264,340.451569,,,,,4114,-3,2
4117,front,-322.543243,286.432251,,,,,4117,-1,0
4118,front,-311.258148,262.119293,,,,,4118,-1,0
4119,front,-309.725159,242.439957,,,,,4119,-1,0
4120,front,-321.701782,235.714081,,,,,4120,-1,0
4121,front,-317.112335,226.092133,,,,,4121,-1,0
4122,front,-325.188721,210.88562,,,,,4122,-1,0
4123,front,-317.385315,194.460022,,,,,4123,-1,0
4124,front,-326.565948,181.246338,,,,,4124,-1,0
4125,front,-317.259155,160.704102,,,,,4125,-1,0
4126,front,-312.10199,148.375015,,,,,4126,-1,0
4127,front,-305.685425,131.539642,,,,,4127,-1,0
4128,front,-309.310547,121.224991,,,,,4128,-1,0
4129,front,-304.814636,106.716934,,,,,4129,-1,-1
4130,front,-308.40506,92.937988,,,,,4130,-2,1
4132,front,-311.729492,71.578796,,,,,4132,-1,0
4133,front,-303.512848,57.107018,,,,,4133,-1,0
4134,front,-317.637848,51.341293,,,,,4134,-1,0
4135,front,-318.013428,40.215523,,,,,4135,-1,1
4136,front,-299.318115,26.737576,,,,,4136,0,-6
4136,front,-299.318115,26.737576,,,,,4136,-6,5
4142,left,-286.239075,-4.193241,,,,,4142,-1,-6
4143,left,-288.795319,-17.693762,,,,,4143,-7,-30
4150,left,-283.759186,-78.233795,,,,,4150,-37,30
4187,left,-245.860565,-53.348618,,,,,4187,-7,5
4194,front,-250.229126,10.155777,,,,,4194,-2,1
4196,front,-247.141693,40.421879,,,,,4196,-1,0
4197,front,-240.965073,53.200764,,,,,4197,-1,0
4198,front,-240.498383,68.798058,,,,,4198,-1,0
4199,front,-231.548294,83.033516,,,,,4199,-1,0
4200,front,-228.624115,101.192352,,,,,4200,-1,0
4201,front,-236.839401,121.316208,,,,,4201,-1,0
4202,front,-235.818771,139.728668,,,,,4202,-1,0
4203,front,-235.904602,160.48999,,,,,4203,-1,0
4204,front,-235.436996,177.934982,,,,,4204,-1,0
4205,front,-237.923599,204.925262,,,,,4205,-1,0
4206,front,-223.23233,209.86319,,,,,4206,-1,0
4207,front,-216.53978,224.046478,,,,,4207,-1,0
4208,front,-215.545242,240.665253,,,,,4208,-1,0
4209,front,-217.637329,269.957275,,,,,4209,-1,0
4210,front,-217.667969,292.154205,,,,,4210,-1,0
4211,front,-208.561874,301.649719,,,,,4211,-1,0
4212,front,-208.915359,328.429108,,,,,4212,-1,0
4213,front,-190.436386,322.559845,,,,,4213,-1,-1
4214,front,-214.048248,378.563904,,,,,4214,-2,1
4216,front,-222.274643,121.30938,,,,,4216,-1,0
4217,front,-194.522888,410.327728,,,,,4217,-1,0
4218,front,-184.485901,428.561188,,,,,4218,-1,-7
4219,front,-193.324478,484.396179,,,,,4219,-8,7
4227,front,-184.10434,350.667175,,,,,4227,-1,1
4228,front,-180.875214,366.460266,,,,,4228,0,0
4228,front,-180.875214,366.460266,,,,,4228,0,-3
4228,front,-180.875214,366.460266,,,,,4228,-3,1
4231,front,-152.148178,496.355225,,,,,4231,-2,0
4233,front,-156.343094,468.197815,,,,,4233,-2,-2
4235,front,0,0,,,,,4235,-4,3
4239,front,0,0,,,,,4239,-1,0
4240,front,0,0,,,,,4240,-1,0
4241,front,0,0,,,,,4241,-1,0
4242,front,0,0,,,,,4242,-1,0
4243,front,0,0,,,,,4243,-1,0
4244,left,0,0,,,,,4244,-1,0
4245,left,0,0,,,,,4245,-1,0
4246,left,0,0,,,,,4246,-1,0
4247,left,0,0,,,,,4247,-1,0
4248,left,0,0,,,,,4248,-1,0
4249,left,0,0,,,,,4249,-1,0
4250,left,0,0,,,,,4250,-1,0
4251,left,0,0,,,,,4251,-1,0
4252,left,0,0,,,,,4252,-1,-1
4253,left,0,0,,,,,4253,-2,1
4255,left,0,0,,,,,4255,-1,0
4256,left,0,0,,,,,4256,-1,0
4257,left,0,0,,,,,4257,-1,0
4258,left,0,0,,,,,4258,-1,0
4259,left,0,0,,,,,4259,-1,0
4260,left,0,0,,,,,4260,-1,0
4261,left,0,0,,,,,4261,-1,0
4262,left,0,0,,,,,4262,-1,0
4263,left,0,0,,,,,4263,-1,0
4264,left,0,0,,,,,4264,-1,0
4265,left,0,0,,,,,4265,-1,0
4266,left,0,0,,,,,4266,-1,0
4267,left,0,0,,,,,4267,-1,0
4268,left,0,0,,,,,4268,-1,0
4269,left,0,0,,,,,4269,-1,0
4270,front,0,0,,,,,4270,-1,0
4271,front,0,0,,,,,4271,-1,0
4272,front,0,0,,,,,4272,-1,0
4273,front,0,0,,,,,4273,-1,0
4274,front,0,0,,,,,4274,-1,0
4275,front,0,0,,,,,4275,-1,0
4276,front,0,0,,,,,4276,-1,0
4277,front,0,0,,,,,4277,-1,0
4278,front,0,0,,,,,4278,-1,0
4279,front,0,0,,,,,4279,-1,0
4280,front,0,0,,,,,4280,-1,0
4281,front,0,0,,,,,4281,-1,0
4282,front,0,0,,,,,4282,-1,-1
4283,front,0,0,,,,,4283,-2,1
4285,front,0,0,,,,,4285,-1,0
4286,front,0,0,,,,,4286,-1,0
4287,front,0,0,,,,,4287,-1,0
4288,front,0,0,,,,,4288,-1,0
4289,front,0,0,,,,,4289,-1,0
4290,front,0,0,,,,,4290,-1,0
4291,front,0,0,,,,,4291,-1,0
4292,front,0,0,,,,,4292,-1,0
4293,front,0,0,,,,,4293,-1,0
4294,front,0,0,,,,,4294,-1,0
4295,front,0,0,,,,,4295,-1,0
4296,front,0,0,,,,,4296,-1,0
4297,front,0,0,,,,,4297,-1,0
4298,front,0,0,,,,,4298,-1,0
4299,front,0,0,,,,,4299,-1,0
4300,front,0,0,,,,,4300,-1,0
4301,front,0,0,,,,,4301,-1,0
4302,front,0,0,,,,,4302,-1,0
4303,front,0,0,,,,,4303,-1,0
4304,front,0,0,,,,,4304,-1,0
4305,front,0,0,,,,,4305,-1,0
4306,front,0,0,,,,,4306,-1,0
4307,front,0,0,,,,,4307,-1,0
4308,front,0,0,,,,,4308,-1,0
4309,front,0,0,,,,,4309,-1,0
4310,front,0,0,,,,,4310,-1,0
4311,front,0,0,,,,,4311,-1,0
4312,front,0,0,,,,,4312,-1,0
4313,front,0,0,,,,,4313,-1,0
4314,front,0,0,,,,,4314,-1,0
4315,front,0,0,,,,,4315,-1,0
4316,front,0,0,,,,,4316,-1,0
4317,front,0,0,,,,,4317,-1,0
4318,front,0,0,,,,,4318,-1,0
4319,left,0,0,,,,,4319,-1,0
4320,left,0,0,,,,,4320,-1,0
4321,left,0,0,,,,,4321,-1,0
4322,left,0,0,,,,,4322,-1,0
4323,left,0,0,,,,,4323,-1,0
4324,left,0,0,,,,,4324,-1,0
4325,left,0,0,,,,,4325,-1,0
4326,left,0,0,,,,,4326,-1,0
4327,left,0,0,,,,,4327,-1,0
4328,left,0,0,,,,,4328,-1,0
4329,left,0,0,,,,,4329,-1,0
4330,left,0,0,,,,,4330,-1,0
4331,left,0,0,,,,,4331,-1,0
4332,front,0,0,,,,,4332,-1,0
4333,front,0,0,,,,,4333,-1,0
4334,front,0,0,,,,,4334,-1,0
4335,front,0,0,,,,,4335,-1,0
4336,front,0,0,,,,,4336,-1,0
4337,front,0,0,,,,,4337,-1,0
4338,front,0,0,,,,,4338,-1,0
4339,front,0,0,,,,,4339,-1,-3
4340,front,0,0,,,,,4340,-4,3
4344,front,0,0,,,,,4344,-1,0
4345,front,0,0,,,,,4345,-1,0
4346,front,0,0,,,,,4346,-1,0
4347,front,0,0,,,,,4347,-1,0
4348,front,0,0,,,,,4348,-1,-4
4349,front,0,0,,,,,4349,-5,4
4354,left,0,0,,,,,4354,-1,0
4355,left,0,0,,,,,4355,-1,0
4356,left,0,0,,,,,4356,-1,0
4357,left,0,0,,,,,4357,-1,0
4358,left,0,0,,,,,4358,-1,0
4359,left,0,0,,,,,4359,-1,0
4360,left,0,0,,,,,4360,-1,0
4361,left,0,0,,,,,4361,-1,0
4362,left,0,0,,,,,4362,-1,0
4363,front,0,0,,,,,4363,-1,0
4364,front,0,0,,,,,4364,-1,0
4365,front,0,0,,,,,4365,-1,0
4366,front,0,0,,,,,4366,-1,0
4367,left,0,0,,,,,4367,-1,0
4368,left,0,0,,,,,4368,-1,0
4369,left,0,0,,,,,4369,-1,0
4370,left,0,0,,,,,4370,-1,0
4371,left,0,0,,,,,4371,-1,0
4372,left,0,0,,,,,4372,-1,0
4373,left,0,0,,,,,4373,-1,0
4374,left,0,0,,,,,4374,-1,0
4375,left,0,0,,,,,4375,-1,0
4376,left,0,0,,,,,4376,-1,0
4377,left,0,0,,,,,4377,-1,0
4378,left,0,0,,,,,4378,-1,0
4379,left,0,0,,,,,4379,-1,0
4380,left,0,0,,,,,4380,-1,-1
4381,left,0,0,,,,,4381,-2,1
4383,left,0,0,,,,,4383,-1,0
4384,left,0,0,,,,,4384,-1,0
4385,left,0,0,,,,,4385,-1,0
4386,front,0,0,,,,,4386,-1,0
4387,left,0,0,,,,,4387,-1,0
4388,left,0,0,,,,,4388,-1,0
4389,left,0,0,,,,,4389,-1,0
4390,left,0,0,,,,,4390,-1,0
4391,left,0,0,,,,,4391,-1,0
4392,left,0,0,,,,,4392,-1,0
4393,left,0,0,,,,,4393,-1,-1
4394,left,0,0,,,,,4394,-2,1
4396,left,0,0,,,,,4396,-1,-1
4397,left,0,0,,,,,4397,-2,0
4399,left,0,0,,,,,4399,-2,1
4401,left,0,0,,,,,4401,-1,0
4402,left,0,0,,,,,4402,-1,0
4403,left,0,0,,,,,4403,-1,0
4404,left,0,0,,,,,4404,-1,0
4405,left,0,0,,,,,4405,-1,-4
4406,left,0,0,,,,,4406,-5,4
4411,left,0,0,,,,,4411,-1,-5
4412,left,0,0,,,,,4412,-6,5
4418,front,-315.910034,400.272217,,,,,4418,-1,-6
4419,front,-299.718201,359.650696,,,,,4419,-7,6
4426,front,-319.815857,264.119659,,,,,4426,-1,0
4427,front,-318.047516,244.147675,,,,,4427,-1,0
4428,front,-314.651093,488.004608,,,,,4428,-1,0
4429,front,-325.742249,493.509827,,,,,4429,-1,0
4430,front,-337.252258,499.276093,,,,,4430,-1,0
4431,front,-304.399139,435.588074,,,,,4431,-1,0
4432,front,-314.572632,440.115814,,,,,4432,-1,0
4433,front,-336.0513,449.800659,,,,,4433,-1,0
4434,front,-325.407867,423.743164,,,,,4434,-1,0
4435,front,-336.568604,408.701111,,,,,4435,-1,0
4436,front,-327.015594,386.569031,,,,,4436,-1,0
4437,front,-327.015594,386.569031,,,,,4437,-1,0
4438,front,-359.286438,399.226898,,,,,4438,-1,0
4439,front,-349.103058,377.811676,,,,,4439,-1,0
4440,front,-331.61264,340.451569,,,,,4440,-1,0
4441,front,-333.660492,327.064087,,,,,4441,-1,0
4442,front,-335.948151,314.484467,,,,,4442,-1,0
4443,front,-313.692627,284.094757,,,,,4443,-1,0
4444,front,-316.664459,273.860291,,,,,4444,-1,0
4445,front,-319.815857,264.119659,,,,,4445,-1,0
4446,front,-297.429749,231.076202,,,,,4446,-1,0
4447,front,-321.701782,235.714081,,,,,4447,-1,0
4448,front,-325.534302,227.59964,,,,,4448,-1,0
4449,front,-325.188721,210.88562,,,,,4449,-1,0
4450,front,-329.502502,203.639816,,,,,4450,-1,0
4451,front,-321.881226,187.772766,,,,,4451,-1,0
4452,front,-323.233978,174.095016,,,,,4452,-1,0
4453,front,-317.259155,160.704102,,,,,4453,-1,0
4454,front,-319.748962,148.748642,,,,,4454,-1,-1
4455,front,-315.082184,137.159241,,,,,4455,-2,1
4457,front,-322.551697,116.062317,,,,,4457,-1,0
4458,front,-318.008118,101.555305,,,,,4458,-1,0
4459,front,-323.131256,92.055687,,,,,4459,-1,0
4460,front,-321.140259,83.294495,,,,,4460,-1,-1
4461,front,-319.025513,70.812408,,,,,4461,-2,1
4463,front,-325.220825,54.07486,,,,,4463,-1,0
4464,front,-332.98587,45.17868,,,,,4464,-1,0
4465,front,-333.383209,37.530445,,,,,4465,-1,0
4466,front,-327.53302,24.172594,,,,,4466,-1,-47
4467,front,-337.222748,15.063181,,,,,4467,-48,47
4515,front,-314.885406,16.768888,,,,,4515,-1,0
4516,front,-304.936005,32.184685,,,,,4516,-1,0
4517,front,-310.76886,41.472141,,,,,4517,-1,0
4518,front,-303.448914,53.438602,,,,,4518,-1,0
4519,front,-311.26825,67.628242,,,,,4519,-1,0
4520,front,-298.411346,76.92347,,,,,4520,-1,0
4521,front,-301.424255,93.351898,,,,,4521,-1,0
4522,front,-297.898956,106.932106,,,,,4522,-1,0
4523,front,-295.271637,121.255577,,,,,4523,-1,0
4524,front,-293.554443,136.558014,,,,,4524,-1,0
4525,front,-292.790588,153.122437,,,,,4525,-1,0
4526,front,-293.060516,171.300476,,,,,4526,-1,0
4527,front,-277.717957,182.684021,,,,,4527,-1,0
4528,front,-286.472992,205.005203,,,,,4528,-1,0
4529,front,-278.982483,219.359406,,,,,4529,-1,0
4530,front,-271.971985,234.80928,,,,,4530,-1,0
4531,front,-272.460785,253.19693,,,,,4531,-1,0
4532,front,-266.315796,271.834961,,,,,4532,-1,0
4533,front,-267.939423,294.608551,,,,,4533,-1,0
4534,front,-257.891144,303.800629,,,,,4534,-1,0
4535,front,-252.785706,328.571198,,,,,4535,-1,0
4536,front,-255.794724,359.756409,,,,,4536,-1,0
4537,front,-253.720947,375.806305,,,,,4537,-1,0
4538,front,-236.055786,387.001068,,,,,4538,-1,0
4539,front,-239.961456,429.227325,,,,,4539,-1,0
4540,front,-224.005875,422.421753,,,,,4540,-1,-1
4541,front,-213.991898,441.00235,,,,,4541,-2,-5
4543,front,-209.392807,491.879669,,,,,4543,-7,5
4550,front,-190.311188,352.78363,,,,,4550,-2,0
4552,front,-171.265793,381.34079,,,,,4552,-2,1
4554,front,-167.158157,445.831696,,,,,4554,-1,-2
4555,front,-156.343094,468.197815,,,,,4555,-3,2
4558,front,0,0,,,,,4558,-1,-2
4559,front,0,0,,,,,4559,-3,1
4562,front,0,0,,,,,4562,-2,1
4564,front,0,0,,,,,4564,-1,0
4565,left,0,0,,,,,4565,-1,0
4566,left,0,0,,,,,4566,-1,0
4567,left,0,0,,,,,4567,-1,0
4568,left,0,0,,,,,4568,-1,-3
4569,left,0,0,,,,,4569,-4,3
4573,left,0,0,,,,,4573,-1,0
4574,left,0,0,,,,,4574,-1,0
4575,left,0,0,,,,,4575,-1,0
4576,front,0,0,,,,,4576,-1,0
4577,front,0,0,,,,,4577,-1,0
4578,front,0,0,,,,,4578,-1,0
4579,front,0,0,,,,,4579,-1,0
4580,front,0,0,,,,,4580,-1,0
4581,front,0,0,,,,,4581,-1,0
4582,front,0,0,,,,,4582,-1,0
4583,front,0,0,,,,,4583,-1,0
4584,front,0,0,,,,,4584,-1,0
4585,front,0,0,,,,,4585,-1,0
4586,front,0,0,,,,,4586,-1,0
4587,front,0,0,,,,,4587,-1,0
4588,front,0,0,,,,,4588,-1,0
4589,front,0,0,,,,,4589,-1,0
4590,front,0,0,,,,,4590,-1,0
4591,front,0,0,,,,,4591,-1,0
4592,front,0,0,,,,,4592,-1,0
4593,front,0,0,,,,,4593,-1,0
4594,front,0,0,,,,,4594,-1,0
4595,front,0,0,,,,,4595,-1,0
4596,front,0,0,,,,,4596,-1,0
4597,front,0,0,,,,,4597,-1,0
4598,front,0,0,,,,,4598,-1,0
4599,left,0,0,,,,,4599,-1,0
4600,left,0,0,,,,,4600,-1,0
4601,left,0,0,,,,,4601,-1,0
4602,left,0,0,,,,,4602,-1,0
4603,left,0,0,,,,,4603,-1,0
4604,left,0,0,,,,,4604,-1,0
4605,left,0,0,,,,,4605,-1,0
4606,left,0,0,,,,,4606,-1,0
4607,left,0,0,,,,,4607,-1,0
4608,left,0,0,,,,,4608,-1,0
4609,left,0,0,,,,,4609,-1,0
4610,left,0,0,,,,,4610,-1,0
4611,left,0,0,,,,,4611,-1,0
4612,left,0,0,,,,,4612,-1,0
4613,left,0,0,,,,,4613,-1,0
4614,left,0,0,,,,,4614,-1,0
4615,left,0,0,,,,,4615,-1,0
4616,left,0,0,,,,,4616,-1,0
4617,front,0,0,,,,,4617,-1,0
4618,front,0,0,,,,,4618,-1,0
4619,front,0,0,,,,,4619,-1,0
4620,front,0,0,,,,,4620,-1,0
4621,front,0,0,,,,,4621,-1,0
4622,front,0,0,,,,,4622,-1,0
4623,front,0,0,,,,,4623,-1,0
4624,front,0,0,,,,,4624,-1,0
4625,left,0,0,,,,,4625,-1,0
4626,left,0,0,,,,,4626,-1,0
4627,left,0,0,,,,,4627,-1,0
4628,left,0,0,,,,,4628,-1,0
4629,left,0,0,,,,,4629,-1,0
4630,left,0,0,,,,,4630,-1,0
4631,left,0,0,,,,,4631,-1,0
4632,front,0,0,,,,,4632,-1,0
4633,front,0,0,,,,,4633,-1,0
4634,front,0,0,,,,,4634,-1,0
4635,front,0,0,,,,,4635,-1,0
4636,front,0,0,,,,,4636,-1,0
4637,front,0,0,,,,,4637,-1,0
4638,front,0,0,,,,,4638,-1,0
4639,front,0,0,,,,,4639,-1,0
4640,front,0,0,,,,,4640,-1,0
4641,front,0,0,,,,,4641,-1,0
4642,front,0,0,,,,,4642,-1,0
4643,front,0,0,,,,,4643,-1,0
4644,front,0,0,,,,,4644,-1,0
4645,front,0,0,,,,,4645,-1,0
4646,front,0,0,,,,,4646,-1,0
4647,front,0,0,,,,,4647,-1,0
4648,front,0,0,,,,,4648,-1,0
4649,front,0,0,,,,,4649,-1,0
4650,front,0,0,,,,,4650,-1,0
4651,front,0,0,,,,,4651,-1,0
4652,front,0,0,,,,,4652,-1,0
4653,front,0,0,,,,,4653,-1,0
4654,front,0,0,,,,,4654,-1,0
4655,front,0,0,,,,,4655,-1,0
4656,left,0,0,,,,,4656,-1,0
4657,left,0,0,,,,,4657,-1,0
4658,left,0,0,,,,,4658,-1,0
4659,left,0,0,,,,,4659,-1,0
4660,left,0,0,,,,,4660,-1,0
4661,left,0,0,,,,,4661,-1,0
4662,left,0,0,,,,,4662,-1,0
4663,left,0,0,,,,,4663,-1,0
4664,front,0,0,,,,,4664,-1,0
4665,front,0,0,,,,,4665,-1,0
4666,front,0,0,,,,,4666,-1,0
4667,front,0,0,,,,,4667,-1,0
4668,front,0,0,,,,,4668,-1,0
4669,front,0,0,,,,,4669,-1,0
4670,front,0,0,,,,,4670,-1,0
4671,front,0,0,,,,,4671,-1,0
4672,front,0,0,,,,,4672,-1,0
4673,front,0,0,,,,,4673,-1,0
4674,front,0,0,,,,,4674,-1,0
4675,front,0,0,,,,,4675,-1,0
4676,front,0,0,,,,,4676,-1,0
4677,front,0,0,,,,,4677,-1,0
4678,front,0,0,,,,,4678,-1,0
4679,front,0,0,,,,,4679,-1,0
4680,front,0,0,,,,,4680,-1,0
4681,front,0,0,,,,,4681,-1,-1
4682,front,0,0,,,,,4682,-2,1
4684,front,0,0,,,,,4684,-1,0
4685,front,0,0,,,,,4685,-1,0
4686,left,0,0,,,,,4686,-1,0
4687,left,0,0,,,,,4687,-1,0
4688,left,0,0,,,,,4688,-1,0
4689,left,0,0,,,,,4689,-1,0
4690,left,0,0,,,,,4690,-1,0
4691,left,0,0,,,,,4691,-1,0
4692,left,0,0,,,,,4692,-1,0
4693,left,0,0,,,,,4693,-1,0
4694,left,0,0,,,,,4694,-1,0
4695,left,0,0,,,,,4695,-1,-1
4696,left,0,0,,,,,4696,-2,1
4698,front,0,0,,,,,4698,-1,0
4699,left,0,0,,,,,4699,-1,0
4700,left,0,0,,,,,4700,-1,0
4701,left,0,0,,,,,4701,-1,0
4702,left,0,0,,,,,4702,-1,-1
4703,left,0,0,,,,,4703,-2,1
4705,left,0,0,,,,,4705,-1,0
4706,left,0,0,,,,,4706,-1,0
4707,left,0,0,,,,,4707,-1,0
4708,left,0,0,,,,,4708,-1,0
4709,left,0,0,,,,,4709,-1,0
4710,left,0,0,,,,,4710,-1,0
4711,left,0,0,,,,,4711,-1,0
4712,left,0,0,,,,,4712,-1,0
4713,left,0,0,,,,,4713,-1,0
4714,front,0,0,,,,,4714,-1,0
4715,front,0,0,,,,,4715,-1,0
4716,front,0,0,,,,,4716,-1,0
4717,front,0,0,,,,,4717,-1,0
4718,front,0,0,,,,,4718,-1,0
4719,left,0,0,,,,,4719,-1,0
4720,left,0,0,,,,,4720,-1,0
4721,left,0,0,,,,,4721,-1,0
4722,left,0,0,,,,,4722,-1,0
4723,left,0,0,,,,,4723,-1,0
4724,left,0,0,,,,,4724,-1,0
4725,left,0,0,,,,,4725,-1,0
4726,left,0,0,,,,,4726,-1,0
4727,left,0,0,,,,,4727,-1,0
4728,left,0,0,,,,,4728,-1,0
4729,left,0,0,,,,,4729,-1,-3
4730,left,0,0,,,,,4730,-4,3
4734,left,0,0,,,,,4734,-1,0
4735,left,0,0,,,,,4735,-1,-6
4736,left,0,0,,,,,4736,-7,5
4743,left,0,0,,,,,4743,-2,1
4745,left,0,0,,,,,4745,-1,-2
4746,left,0,0,,,,,4746,-3,1
4749,left,0,0,,,,,4749,-2,1
4751,left,0,0,,,,,4751,-1,-1
4752,left,0,0,,,,,4752,-2,-1
4754,left,0,0,,,,,4754,-3,2
4757,left,0,0,,,,,4757,-1,0
4758,left,0,0,,,,,4758,-1,-1
4759,left,0,0,,,,,4759,-2,0
4761,left,0,0,,,,,4761,-2,-16
4763,front,-325.742249,493.509827,,,,,4763,-18,17
4781,front,-283.375854,499.49823,,,,,4781,-1,0
4782,front,-283.375854,499.49823,,,,,4782,-1,-1
4783,front,-264.624695,463.896729,,,,,4783,-2,1
4785,front,-283.63858,472.908478,,,,,4785,-1,0
4786,front,-284.214539,448.903442,,,,,4786,-1,0
4787,front,-293.939697,453.364655,,,,,4787,-1,0
4788,front,-293.939697,453.364655,,,,,4788,-1,0
4789,front,-285.070618,427.101807,,,,,4789,-1,0
4790,front,-277.16983,403.475037,,,,,4790,-1,0
4791,front,-286.179443,407.191559,,,,,4791,-1,0
4792,front,-295.488586,411.066833,,,,,4792,-1,0
4793,front,-287.519806,388.916504,,,,,4793,-1,0
4794,front,-289.075134,372.064117,,,,,4794,-1,0
4795,front,-282.230743,353.387695,,,,,4795,-1,0
4796,front,-290.831207,356.455383,,,,,4796,-1,0
4797,front,-299.718201,359.650696,,,,,4797,-1,0
4798,front,-301.567139,344.946472,,,,,4798,-1,0
4799,front,-288.845123,313.127838,,,,,4799,-1,0
4800,front,-291.367035,301.336609,,,,,4800,-1,0
4801,front,-286.019928,288.015045,,,,,4801,-1,0
4802,front,-310.900269,294.879486,,,,,4802,-1,0
4803,front,-299.85202,269.702271,,,,,4803,-1,0
4804,front,-282.983948,246.082352,,,,,4804,-1,0
4805,front,-293.894897,239.215881,,,,,4805,-1,0
4806,front,-297.429749,231.076202,,,,,4806,-1,1
4807,front,-289.8526,213.227554,,,,,4807,0,-1
4807,front,-289.8526,213.227554,,,,,4807,-1,0
4808,front,-283.336456,197.196625,,,,,4808,-1,0
4809,front,-287.34671,190.638535,,,,,4809,-1,0
4810,front,-288.707642,177.308075,,,,,4810,-1,0
4811,front,-300.22995,171.961273,,,,,4811,-1,0
4812,front,-292.790588,153.122437,,,,,4812,-1,0
4813,front,-297.569214,147.666336,,,,,4813,-1,0
4814,front,-291.767487,131.291779,,,,,4814,-1,0
4815,front,-295.271637,121.255577,,,,,4815,-1,0
4816,front,-299.199463,111.564354,,,,,4816,-1,0
4817,front,-295.643646,98.03286,,,,,4817,-1,0
4818,front,-300.517242,89.110336,,,,,4818,-1,0
4819,front,-298.411346,76.92347,,,,,4819,-1,0
4820,front,-304.256866,68.42173,,,,,4820,-1,0
4821,front,-303.512848,57.107018,,,,,4821,-1,0
4822,front,-303.47467,49.813751,,,,,4822,-1,0
4823,front,-303.793823,42.676174,,,,,4823,-1,0
4824,front,-304.936005,32.184685,,,,,4824,-1,0
4825,front,-300.022247,23.366716,,,,,4825,-1,0
4826,front,-314.885406,16.768888,,,,,4826,-1,-28
4827,front,-309.654633,11.561536,,,,,4827,-29,28
4856,front,-309.654633,11.561536,,,,,4856,-1,0
4857,front,-314.885406,16.768888,,,,,4857,-1,0
4858,front,-306.14212,25.284548,,,,,4858,-1,0
4859,front,-298.166412,33.515198,,,,,4859,-1,0
4860,front,-297.071594,43.830776,,,,,4860,-1,0
4861,front,-296.761932,50.854725,,,,,4861,-1,0
4862,front,-296.792114,58.035954,,,,,4862,-1,0
4863,front,-304.694275,72.31366,,,,,4863,-1,0
4864,front,-285.457275,78.144447,,,,,4864,-1,0
4865,front,-301.424255,93.351898,,,,,4865,-1,0
4866,front,-290.088165,102.690407,,,,,4866,-1,0
4867,front,-293.798096,116.411148,,,,,4867,-1,0
4868,front,-275.864807,121.288879,,,,,4868,-1,0
4869,front,-280.335999,136.187408,,,,,4869,-1,0
4870,front,-285.989258,152.71994,,,,,4870,-1,0
4871,front,-286.118256,170.662659,,,,,4871,-1,0
4872,front,-284.498016,183.457657,,,,,4872,-1,0
4873,front,-267.197845,188.111374,,,,,4873,-1,0
4874,front,-275.697235,210.931625,,,,,4874,-1,0
4875,front,-265.333984,216.991653,,,,,4875,-1,0
4876,front,-268.634308,243.020584,,,,,4876,-1,0
4877,front,-258.550079,250.065125,,,,,4877,-1,0
4878,front,-259.242279,270.046753,,,,,4878,-1,0
4879,front,-260.596283,292.530121,,,,,4879,-1,0
4880,front,-250.715576,301.68042,,,,,4880,-1,0
4881,front,-252.785706,328.571198,,,,,4881,-1,0
4882,front,-242.994781,339.736176,,,,,4882,-1,0
4883,front,-253.720947,375.806305,,,,,4883,-1,0
4884,front,-230.882263,367.248383,,,,,4884,-1,0
4885,front,-233.918747,405.512177,,,,,4885,-1,0
4886,front,-231.872894,425.756134,,,,,4886,-1,0
4887,front,-221.849487,444.436798,,,,,4887,-1,0
4888,front,-219.761795,468.778076,,,,,4888,-1,0
4889,front,-211.674377,465.085358,,,,,4889,-1,-6
4890,front,-209.392807,491.879669,,,,,4890,-7,2
4897,front,-196.663239,354.978088,,,,,4897,-5,4
4902,front,-170.639008,474.27771,,,,,4902,-1,-8
4903,front,-156.343094,468.197815,,,,,4903,-9,8
4912,front,0,0,,,,,4912,-1,0
4913,front,0,0,,,,,4913,-1,0
4914,front,0,0,,,,,4914,-1,0
4915,front,0,0,,,,,4915,-1,0
4916,left,0,0,,,,,4916,-1,0
4917,left,0,0,,,,,4917,-1,-3
4918,left,0,0,,,,,4918,-4,3
4922,left,0,0,,,,,4922,-1,0
4923,left,0,0,,,,,4923,-1,0
4924,front,0,0,,,,,4924,-1,0
4925,front,0,0,,,,,4925,-1,0
4926,front,0,0,,,,,4926,-1,0
4927,front,0,0,,,,,4927,-1,0
4928,front,0,0,,,,,4928,-1,0
4929,front,0,0,,,,,4929,-1,0
4930,front,0,0,,,,,4930,-1,0
4931,front,0,0,,,,,4931,-1,0
4932,front,0,0,,,,,4932,-1,0
4933,front,0,0,,,,,4933,-1,0
4934,front,0,0,,,,,4934,-1,0
4935,front,0,0,,,,,4935,-1,0
4936,front,0,0,,,,,4936,-1,0
4937,front,0,0,,,,,4937,-1,0
4938,front,0,0,,,,,4938,-1,0
4939,front,0,0,,,,,4939,-1,0
4940,front,0,0,,,,,4940,-1,0
4941,front,0,0,,,,,4941,-1,0
4942,front,0,0,,,,,4942,-1,0
4943,front,0,0,,,,,4943,-1,0
4944,front,0,0,,,,,4944,-1,0
4945,front,0,0,,,,,4945,-1,0
4946,front,0,0,,,,,4946,-1,0
4947,front,0,0,,,,,4947,-1,0
4948,front,0,0,,,,,4948,-1,0
4949,front,0,0,,,,,4949,-1,-7
4950,front,0,0,,,,,4950,-8,7
4958,front,0,0,,,,,4958,-1,0
4959,front,0,0,,,,,4959,-1,0
4960,front,0,0,,,,,4960,-1,0
4961,front,0,0,,,,,4961,-1,-2
4962,front,0,0,,,,,4962,-3,0
4965,front,0,0,,,,,4965,-3,2
4968,front,0,0,,,,,4968,-1,0
4969,front,0,0,,,,,4969,-1,0
4970,front,0,0,,,,,4970,-1,0
4971,front,0,0,,,,,4971,-1,0
4972,front,0,0,,,,,4972,-1,0
4973,front,0,0,,,,,4973,-1,0
4974,front,0,0,,,,,4974,-1,0
4975,front,0,0,,,,,4975,-1,0
4976,front,0,0,,,,,4976,-1,0
4977,front,0,0,,,,,4977,-1,0
4978,front,0,0,,,,,4978,-1,0
4979,front,0,0,,,,,4979,-1,0
4980,front,0,0,,,,,4980,-1,0
4981,front,0,0,,,,,4981,-1,0
4982,left,0,0,,,,,4982,-1,0
4983,left,0,0,,,,,4983,-1,0
4984,left,0,0,,,,,4984,-1,0
4985,left,0,0,,,,,4985,-1,0
4986,left,0,0,,,,,4986,-1,0
4987,left,0,0,,,,,4987,-1,0
4988,left,0,0,,,,,4988,-1,0
4989,front,0,0,,,,,4989,-1,0
4990,front,0,0,,,,,4990,-1,0
4991,front,0,0,,,,,4991,-1,0
4992,front,0,0,,,,,4992,-1,0
4993,front,0,0,,,,,4993,-1,0
4994,front,0,0,,,,,4994,-1,0
4995,front,0,0,,,,,4995,-1,0
4996,front,0,0,,,,,4996,-1,0
4997,front,0,0,,,,,4997,-1,0
4998,front,0,0,,,,,4998,-1,0
4999,front,0,0,,,,,4999,-1,0
5000,front,0,0,,,,,5000,-1,0
5001,front,0,0,,,,,5001,-1,0
5002,front,0,0,,,,,5002,-1,0
5003,front,0,0,,,,,5003,-1,0
5004,front,0,0,,,,,5004,-1,0
5005,front,0,0,,,,,5005,-1,0
5006,front,0,0,,,,,5006,-1,0
5007,front,0,0,,,,,5007,-1,-2
5008,front,0,0,,,,,5008,-3,2
5011,front,0,0,,,,,5011,-1,0
5012,front,0,0,,,,,5012,-1,0
5013,front,0,0,,,,,5013,-1,0
5014,front,0,0,,,,,5014,-1,0
5015,front,0,0,,,,,5015,-1,-4
5016,front,0,0,,,,,5016,-5,4
5021,left,0,0,,,,,5021,-1,0
5022,left,0,0,,,,,5022,-1,0
5023,left,0,0,,,,,5023,-1,0
5024,left,0,0,,,,,5024,-1,0
5025,left,0,0,,,,,5025,-1,0
5026,left,0,0,,,,,5026,-1,0
5027,left,0,0,,,,,5027,-1,0
5028,left,0,0,,,,,5028,-1,0
5029,left,0,0,,,,,5029,-1,-1
5030,left,0,0,,,,,5030,-2,1
5032,front,0,0,,,,,5032,-1,0
5033,front,0,0,,,,,5033,-1,0
5034,front,0,0,,,,,5034,-1,-2
5035,left,0,0,,,,,5035,-3,-8
5038,left,0,0,,,,,5038,-11,8
5049,front,0,0,,,,,5049,-3,2
5052,front,0,0,,,,,5052,-1,0
5053,front,0,0,,,,,5053,-1,0
5054,front,0,0,,,,,5054,-1,0
5055,front,0,0,,,,,5055,-1,0
5056,front,0,0,,,,,5056,-1,0
5057,front,0,0,,,,,5057,-1,0
5058,front,0,0,,,,,5058,-1,0
5059,front,0,0,,,,,5059,-1,0
5060,front,0,0,,,,,5060,-1,0
5061,front,0,0,,,,,5061,-1,0
5062,front,0,0,,,,,5062,-1,-2
5063,left,0,0,,,,,5063,-3,2
5066,left,0,0,,,,,5066,-1,0
5067,left,0,0,,,,,5067,-1,0
5068,left,0,0,,,,,5068,-1,0
5069,left,0,0,,,,,5069,-1,0
5070,left,0,0,,,,,5070,-1,0
5071,left,0,0,,,,,5071,-1,0
5072,left,0,0,,,,,5072,-1,0
5073,left,0,0,,,,,5073,-1,0
5074,left,0,0,,,,,5074,-1,0
5075,left,0,0,,,,,5075,-1,0
5076,left,0,0,,,,,5076,-1,0
5077,left,0,0,,,,,5077,-1,0
5078,left,0,0,,,,,5078,-1,0
5079,left,0,0,,,,,5079,-1,0
5080,left,0,0,,,,,5080,-1,0
5081,left,0,0,,,,,5081,-1,0
5082,left,0,0,,,,,5082,-1,0
5083,left,0,0,,,,,5083,-1,0
5084,left,0,0,,,,,5084,-1,0
5085,left,0,0,,,,,5085,-1,1
